evidence_id,reference_file,format,paper_id,source_path,original_locator,bytes,sha256,status,resolved_portable_path
E0527,references/sources.json#E0527,pdf,P-72629c9d418e467b,corpus/papers/P-72629c9d418e467b/paper.pdf,64项训练清单文献库/H04_精确率函数与方差分层/19_Kubota_2018_Continuity result for the rate function of the simple random.pdf,296050,72629c9d418e467bbab3d16902e6ffd6849c8d07d6d72b3ad3dd26b85e5b8262,not copied; source ZIP member; full_read=unspecified; identity=pending; screening=pending; bytes=296050; sha256=72629c9d418e467bbab3d16902e6ffd6849c8d07d6d72b3ad3dd26b85e5b8262,evidence/papers/P-72629c9d418e467b/paper.pdf
E0528,references/sources.json#E0528,txt,,corpus/records/E0528-R-a0ba5a0ec7402095.txt,64项训练清单文献库/H04_精确率函数与方差分层/36_unk_2025_Luisa Veras de Sandes Guimarães Discusses Calculating Varian【题录】.txt,801,a0ba5a0ec740209534eb1c106a2247ea9e05b6e1820837da6494f74ebbb1589a,not copied; source ZIP member; full_read=unspecified; identity=pending; screening=pending; bytes=801; sha256=a0ba5a0ec740209534eb1c106a2247ea9e05b6e1820837da6494f74ebbb1589a,evidence/records/E0528-R-a0ba5a0ec7402095.txt
E0529,references/sources.json#E0529,pdf,P-2a030406d5bb0a3b,corpus/papers/P-2a030406d5bb0a3b/paper.pdf,64项训练清单文献库/H04_精确率函数与方差分层/06_Yuan_2026_Exact Closed-Form Formulae for Linear and Circular Continuou.pdf,338712,2a030406d5bb0a3b9de27c3f16eb69bd422cf43d275c21bb46747d238d182ddb,not copied; source ZIP member; full_read=unspecified; identity=pending; screening=pending; bytes=338712; sha256=2a030406d5bb0a3b9de27c3f16eb69bd422cf43d275c21bb46747d238d182ddb,evidence/papers/P-2a030406d5bb0a3b/paper.pdf
E0530,references/sources.json#E0530,pdf,P-83c661129605aa1f,corpus/papers/P-83c661129605aa1f/paper.pdf,64项训练清单文献库/H04_精确率函数与方差分层/20_Pinelis_2017_Exact upper and lower bounds on the misclassification probab.pdf,479342,83c661129605aa1fdb1fd5a08be0d31c29f86934bd12e7d213f842fc5ba61b66,not copied; source ZIP member; full_read=unspecified; identity=pending; screening=pending; bytes=479342; sha256=83c661129605aa1fdb1fd5a08be0d31c29f86934bd12e7d213f842fc5ba61b66,evidence/papers/P-83c661129605aa1f/paper.pdf
E0531,references/sources.json#E0531,pdf,P-c13a984e162e0652,corpus/papers/P-c13a984e162e0652/paper.pdf,64项训练清单文献库/H04_精确率函数与方差分层/35_R_2025_Exact Calculation of the Large Deviation Function for k-nary.pdf,674278,c13a984e162e06524e3976fa6f6b97fcbf1cb17fb233f61db22bc2ed4626ec61,not copied; source ZIP member; full_read=unspecified; identity=pending; screening=pending; bytes=674278; sha256=c13a984e162e06524e3976fa6f6b97fcbf1cb17fb233f61db22bc2ed4626ec61,evidence/papers/P-c13a984e162e0652/paper.pdf
E0532,references/sources.json#E0532,pdf,P-7df135514043b39f,corpus/papers/P-7df135514043b39f/paper.pdf,64项训练清单文献库/H04_精确率函数与方差分层/17_Cázares_2018_Exact Simulation of the Extrema of Stable Processes.pdf,468823,7df135514043b39fc902d0873c85056d3e1b66d9780738e71f5743082da3244d,not copied; source ZIP member; full_read=unspecified; identity=pending; screening=pending; bytes=468823; sha256=7df135514043b39fc902d0873c85056d3e1b66d9780738e71f5743082da3244d,evidence/papers/P-7df135514043b39f/paper.pdf
E0533,references/sources.json#E0533,pdf,P-dc7fa763bbb16dda,corpus/papers/P-dc7fa763bbb16dda/paper.pdf,64项训练清单文献库/H04_精确率函数与方差分层/02_Gu_2026_Exact reconstruction thresholds on hypertrees over a symmetr.pdf,790142,dc7fa763bbb16ddaeffe50968de8f8208a7e089d7a504a7ecbf0b5696683b879,not copied; source ZIP member; full_read=unspecified; identity=pending; screening=pending; bytes=790142; sha256=dc7fa763bbb16ddaeffe50968de8f8208a7e089d7a504a7ecbf0b5696683b879,evidence/papers/P-dc7fa763bbb16dda/paper.pdf
E0534,references/sources.json#E0534,pdf,P-18208bbcd3d7e9d3,corpus/papers/P-18208bbcd3d7e9d3/paper.pdf,64项训练清单文献库/H04_精确率函数与方差分层/25_Pinsky_2015_Transience_Recurrence and Growth Rates for Diffusion Process.pdf,346304,18208bbcd3d7e9d333d5f0a0cc3b3bf38b82c54f168c8d9703d74694335516f7,not copied; source ZIP member; full_read=unspecified; identity=pending; screening=pending; bytes=346304; sha256=18208bbcd3d7e9d333d5f0a0cc3b3bf38b82c54f168c8d9703d74694335516f7,evidence/papers/P-18208bbcd3d7e9d3/paper.pdf
E0535,references/sources.json#E0535,pdf,P-653819a0d5b3ea70,corpus/papers/P-653819a0d5b3ea70/paper.pdf,64项训练清单文献库/H04_精确率函数与方差分层/16_Osaka_2019_On the rate of convergence for Takagi class functions.pdf,195850,653819a0d5b3ea7071490a0c6f1c86ba591ac7780046cc73b2adba0fcefbc202,not copied; source ZIP member; full_read=unspecified; identity=pending; screening=pending; bytes=195850; sha256=653819a0d5b3ea7071490a0c6f1c86ba591ac7780046cc73b2adba0fcefbc202,evidence/papers/P-653819a0d5b3ea70/paper.pdf
E0536,references/sources.json#E0536,pdf,P-1ac333a7e5c1382f,corpus/papers/P-1ac333a7e5c1382f/paper.pdf,64项训练清单文献库/H04_精确率函数与方差分层/01_Sarantsev_2020_A Note on Subexponential Rate of Convergence to Equilibrium.pdf,234359,1ac333a7e5c1382f86ec2670d7e3b9b03cfe1a8b2f4a317ddf4cfac4618d5cb5,not copied; source ZIP member; full_read=unspecified; identity=pending; screening=pending; bytes=234359; sha256=1ac333a7e5c1382f86ec2670d7e3b9b03cfe1a8b2f4a317ddf4cfac4618d5cb5,evidence/papers/P-1ac333a7e5c1382f/paper.pdf
E0537,references/sources.json#E0537,pdf,P-33e40ef1d76ecd7a,corpus/papers/P-33e40ef1d76ecd7a/paper.pdf,64项训练清单文献库/H04_精确率函数与方差分层/03_Sarantsev_2020_Convergence rate to equilibrium in Wasserstein distance for.pdf,166290,33e40ef1d76ecd7afad8a5d716c93359f1ea34d62b5ca8e6e0fbb784da82807e,not copied; source ZIP member; full_read=unspecified; identity=pending; screening=pending; bytes=166290; sha256=33e40ef1d76ecd7afad8a5d716c93359f1ea34d62b5ca8e6e0fbb784da82807e,evidence/papers/P-33e40ef1d76ecd7a/paper.pdf
E0538,references/sources.json#E0538,pdf,P-95a9d7d222801e13,corpus/papers/P-95a9d7d222801e13/paper.pdf,64项训练清单文献库/H04_精确率函数与方差分层/29_Depperschmidt_2013_Some large deviations in Kingman's coalescent.pdf,424042,95a9d7d222801e135e93f6065e3fb7a1c837618010fe47abf77f7329c638c970,not copied; source ZIP member; full_read=unspecified; identity=pending; screening=pending; bytes=424042; sha256=95a9d7d222801e135e93f6065e3fb7a1c837618010fe47abf77f7329c638c970,evidence/papers/P-95a9d7d222801e13/paper.pdf
E0539,references/sources.json#E0539,pdf,P-5d7ebf7e010ea1c6,corpus/papers/P-5d7ebf7e010ea1c6/paper.pdf,64项训练清单文献库/H04_精确率函数与方差分层/09_Huang_2022_Exact convergence rate in the central limit theorem for a br.pdf,222865,5d7ebf7e010ea1c6e3d125080815cb7dc68cd3f45d82fe4c19724177adbc5b4c,not copied; source ZIP member; full_read=unspecified; identity=pending; screening=pending; bytes=222865; sha256=5d7ebf7e010ea1c6e3d125080815cb7dc68cd3f45d82fe4c19724177adbc5b4c,evidence/papers/P-5d7ebf7e010ea1c6/paper.pdf
E0540,references/sources.json#E0540,pdf,P-3f7a342f60c3e854,corpus/papers/P-3f7a342f60c3e854/paper.pdf,64项训练清单文献库/H04_精确率函数与方差分层/26_Duffy_2015_Estimating large deviation rate functions.pdf,853728,3f7a342f60c3e85403a45969fdf5caaa6e1ed7ff54f569cc06f30a710bf2bc9f,not copied; source ZIP member; full_read=unspecified; identity=pending; screening=pending; bytes=853728; sha256=3f7a342f60c3e85403a45969fdf5caaa6e1ed7ff54f569cc06f30a710bf2bc9f,evidence/papers/P-3f7a342f60c3e854/paper.pdf
E0541,references/sources.json#E0541,pdf,P-478ac25fe473b58b,corpus/papers/P-478ac25fe473b58b/paper.pdf,64项训练清单文献库/H04_精确率函数与方差分层/27_Wang_2015_Characterization Theorems for Generalized Functionals of Dis.pdf,173584,478ac25fe473b58b087dec316fc6f8c040d89a8ec3268ccdb92dc9c4b3e24997,not copied; source ZIP member; full_read=unspecified; identity=pending; screening=pending; bytes=173584; sha256=478ac25fe473b58b087dec316fc6f8c040d89a8ec3268ccdb92dc9c4b3e24997,evidence/papers/P-478ac25fe473b58b/paper.pdf
E0542,references/sources.json#E0542,pdf,P-1dfc27758a5c7459,corpus/papers/P-1dfc27758a5c7459/paper.pdf,64项训练清单文献库/H04_精确率函数与方差分层/04_Schmidt_2026_Picking up the partial sums of the Möbius function problem w.pdf,576032,1dfc27758a5c7459f86cc68437b2ebbb4ed8335b8620dd6c91ce9709a720ea57,not copied; source ZIP member; full_read=unspecified; identity=pending; screening=pending; bytes=576032; sha256=1dfc27758a5c7459f86cc68437b2ebbb4ed8335b8620dd6c91ce9709a720ea57,evidence/papers/P-1dfc27758a5c7459/paper.pdf
E0543,references/sources.json#E0543,pdf,P-0a42d533412f68c4,corpus/papers/P-0a42d533412f68c4/paper.pdf,64项训练清单文献库/H04_精确率函数与方差分层/33_Schapira_2008_Bounded harmonic functions for the Heckman--Opdam Laplacian.pdf,159061,0a42d533412f68c44f767fee31e2d94b9ede171dabd8b7e725f98c5d7ca72a4a,not copied; source ZIP member; full_read=unspecified; identity=pending; screening=pending; bytes=159061; sha256=0a42d533412f68c44f767fee31e2d94b9ede171dabd8b7e725f98c5d7ca72a4a,evidence/papers/P-0a42d533412f68c4/paper.pdf
E0544,references/sources.json#E0544,pdf,P-91cf1053b0c02fa5,corpus/papers/P-91cf1053b0c02fa5/paper.pdf,64项训练清单文献库/H04_精确率函数与方差分层/18_Carreira_2018_The pre-commitment best-choice problem_ exact finite-n formu.pdf,340822,91cf1053b0c02fa51806058232d3c0d376bbea38f629fb3788a3d09175dfbc81,not copied; source ZIP member; full_read=unspecified; identity=pending; screening=pending; bytes=340822; sha256=91cf1053b0c02fa51806058232d3c0d376bbea38f629fb3788a3d09175dfbc81,evidence/papers/P-91cf1053b0c02fa5/paper.pdf
E0545,references/sources.json#E0545,pdf,P-b642d2bfe593d304,corpus/papers/P-b642d2bfe593d304/paper.pdf,64项训练清单文献库/H04_精确率函数与方差分层/37_Takashi_2024_Sharp Interface Limit for a Quasi-linear Large Deviation Rat.pdf,288466,b642d2bfe593d304ca5353f6f8beec35d1fffae40502a31da0d8ae310d2f006f,not copied; source ZIP member; full_read=unspecified; identity=pending; screening=pending; bytes=288466; sha256=b642d2bfe593d304ca5353f6f8beec35d1fffae40502a31da0d8ae310d2f006f,evidence/papers/P-b642d2bfe593d304/paper.pdf
E0546,references/sources.json#E0546,pdf,P-39f1b4af17834b0f,corpus/papers/P-39f1b4af17834b0f/paper.pdf,64项训练清单文献库/H04_精确率函数与方差分层/38_Iosif_2024_Asymptotics of the rate function in the large deviation prin.pdf,211876,39f1b4af17834b0f0af18665850bac8f4d16a5a90d93b41113fc46a3f76d6959,not copied; source ZIP member; full_read=unspecified; identity=pending; screening=pending; bytes=211876; sha256=39f1b4af17834b0f0af18665850bac8f4d16a5a90d93b41113fc46a3f76d6959,evidence/papers/P-39f1b4af17834b0f/paper.pdf
E0547,references/sources.json#E0547,pdf,P-b2d6984a752b840b,corpus/papers/P-b2d6984a752b840b/paper.pdf,64项训练清单文献库/H04_精确率函数与方差分层/23_Fan_2016_Exact rates of convergence in some martingale central limit.pdf,199294,b2d6984a752b840b2043883969507a2abd6fc372b1e52425699ed44012beacf0,not copied; source ZIP member; full_read=unspecified; identity=pending; screening=pending; bytes=199294; sha256=b2d6984a752b840b2043883969507a2abd6fc372b1e52425699ed44012beacf0,evidence/papers/P-b2d6984a752b840b/paper.pdf
E0548,references/sources.json#E0548,pdf,P-6f3cd9c9866d4158,corpus/papers/P-6f3cd9c9866d4158/paper.pdf,64项训练清单文献库/H04_精确率函数与方差分层/07_Fakhfakh_2020_Variance function of boolean additive convolution.pdf,188403,6f3cd9c9866d4158a50ec5cd82fbf73673e23a9926677b1f4856fe62df971732,not copied; source ZIP member; full_read=unspecified; identity=pending; screening=pending; bytes=188403; sha256=6f3cd9c9866d4158a50ec5cd82fbf73673e23a9926677b1f4856fe62df971732,evidence/papers/P-6f3cd9c9866d4158/paper.pdf
E0549,references/sources.json#E0549,pdf,P-8c5167c8ba646d95,corpus/papers/P-8c5167c8ba646d95/paper.pdf,64项训练清单文献库/H04_精确率函数与方差分层/12_Schilling_2025_Exact rate of convergence for the empirical measure of a sub.pdf,552632,8c5167c8ba646d95ba16a39366e127c4737c0d80c9d79f8996768a5f46cb5d7c,not copied; source ZIP member; full_read=unspecified; identity=pending; screening=pending; bytes=552632; sha256=8c5167c8ba646d95ba16a39366e127c4737c0d80c9d79f8996768a5f46cb5d7c,evidence/papers/P-8c5167c8ba646d95/paper.pdf
E0550,references/sources.json#E0550,pdf,P-e46e09512fd228da,corpus/papers/P-e46e09512fd228da/paper.pdf,64项训练清单文献库/H04_精确率函数与方差分层/28_Gao_2015_Exact convergence rates in central limit theorems for a bran.pdf,307026,e46e09512fd228da61817b8cab1bd747f518547c2b382f1e253a58f0523fd50f,not copied; source ZIP member; full_read=unspecified; identity=pending; screening=pending; bytes=307026; sha256=e46e09512fd228da61817b8cab1bd747f518547c2b382f1e253a58f0523fd50f,evidence/papers/P-e46e09512fd228da/paper.pdf
E0551,references/sources.json#E0551,pdf,P-b5c408bceb56fb20,corpus/papers/P-b5c408bceb56fb20/paper.pdf,64项训练清单文献库/H04_精确率函数与方差分层/08_Gabdullin_2021_Asymptotically exact constants in natural convergence rate e.pdf,369697,b5c408bceb56fb20291ea20223c8a2e79a493f4c54b574f89e7a8e310bf72ee1,not copied; source ZIP member; full_read=unspecified; identity=pending; screening=pending; bytes=369697; sha256=b5c408bceb56fb20291ea20223c8a2e79a493f4c54b574f89e7a8e310bf72ee1,evidence/papers/P-b5c408bceb56fb20/paper.pdf
E0552,references/sources.json#E0552,pdf,P-fdf61b67df700c19,corpus/papers/P-fdf61b67df700c19/paper.pdf,64项训练清单文献库/H04_精确率函数与方差分层/22_Bayraktar_2016_Rate Control under Heavy Traffic with Strategic Servers.pdf,366106,fdf61b67df700c1912df2ab75e7bd74a1068b156eae59ed81ccb3b6da9141630,not copied; source ZIP member; full_read=unspecified; identity=pending; screening=pending; bytes=366106; sha256=fdf61b67df700c1912df2ab75e7bd74a1068b156eae59ed81ccb3b6da9141630,evidence/papers/P-fdf61b67df700c19/paper.pdf
E0553,references/sources.json#E0553,pdf,P-776ce1a7f304502b,corpus/papers/P-776ce1a7f304502b/paper.pdf,64项训练清单文献库/H04_精确率函数与方差分层/30_Ni_2012_Concentration and exact convergence rates for expected Brown.pdf,144868,776ce1a7f304502bd2dcc65ffa531c4dfb874135f5830907da836bea763cde12,not copied; source ZIP member; full_read=unspecified; identity=pending; screening=pending; bytes=144868; sha256=776ce1a7f304502bd2dcc65ffa531c4dfb874135f5830907da836bea763cde12,evidence/papers/P-776ce1a7f304502b/paper.pdf
E0554,references/sources.json#E0554,pdf,P-a6a12cf71f8c3780,corpus/papers/P-a6a12cf71f8c3780/paper.pdf,64项训练清单文献库/H04_精确率函数与方差分层/14_Vysotsky_2020_When is the rate function of a random vector strictly convex.pdf,216663,a6a12cf71f8c378021362f509af138460ce60094f49ca73fb9786ed713a59520,not copied; source ZIP member; full_read=unspecified; identity=pending; screening=pending; bytes=216663; sha256=a6a12cf71f8c378021362f509af138460ce60094f49ca73fb9786ed713a59520,evidence/papers/P-a6a12cf71f8c3780/paper.pdf
E0555,references/sources.json#E0555,txt,,corpus/records/E0555-R-aa8667ac9d2eed73.txt,64项训练清单文献库/H04_精确率函数与方差分层/39_J.M_2026_Cumulant expansions and the large deviation rate function【题录】.txt,789,aa8667ac9d2eed73e06fb62c7f6b08e2e35bc588b72206c20420f3575a07ba96,not copied; source ZIP member; full_read=unspecified; identity=pending; screening=pending; bytes=789; sha256=aa8667ac9d2eed73e06fb62c7f6b08e2e35bc588b72206c20420f3575a07ba96,evidence/records/E0555-R-aa8667ac9d2eed73.txt
E0556,references/sources.json#E0556,pdf,P-dd4094de127be7c5,corpus/papers/P-dd4094de127be7c5/paper.pdf,64项训练清单文献库/H04_精确率函数与方差分层/15_Grootveld_2026_The Optimal Rate Function in Covariant Quantum State Tomogra.pdf,998842,dd4094de127be7c5287855d3db0987e79bc05286319476de752e3966386d2594,not copied; source ZIP member; full_read=unspecified; identity=pending; screening=pending; bytes=998842; sha256=dd4094de127be7c5287855d3db0987e79bc05286319476de752e3966386d2594,evidence/papers/P-dd4094de127be7c5/paper.pdf
E0557,references/sources.json#E0557,pdf,P-761c970dfcb2ff25,corpus/papers/P-761c970dfcb2ff25/paper.pdf,64项训练清单文献库/H04_精确率函数与方差分层/13_Grootveld_2026_Refined sample complexities from the tomographic rate functi.pdf,854862,761c970dfcb2ff25a4620950eecddf8ee020dc9cfedfadcd805fc67dfb873dd7,not copied; source ZIP member; full_read=unspecified; identity=pending; screening=pending; bytes=854862; sha256=761c970dfcb2ff25a4620950eecddf8ee020dc9cfedfadcd805fc67dfb873dd7,evidence/papers/P-761c970dfcb2ff25/paper.pdf
E0558,references/sources.json#E0558,pdf,P-124bb2123e8d5689,corpus/papers/P-124bb2123e8d5689/paper.pdf,64项训练清单文献库/H04_精确率函数与方差分层/10_Berthet_2020_Exact rate of convergence of the mean Wasserstein distance b.pdf,189868,124bb2123e8d5689d65ca922086113402e76dd581f3b1cfe6eba13170f19fadd,not copied; source ZIP member; full_read=unspecified; identity=pending; screening=pending; bytes=189868; sha256=124bb2123e8d5689d65ca922086113402e76dd581f3b1cfe6eba13170f19fadd,evidence/papers/P-124bb2123e8d5689/paper.pdf
E0559,references/sources.json#E0559,pdf,P-cd94492f5c41c046,corpus/papers/P-cd94492f5c41c046/paper.pdf,64项训练清单文献库/H04_精确率函数与方差分层/24_Sarantsev_2015_Explicit Rates of Exponential Convergence for Reflected Jump.pdf,336161,cd94492f5c41c04605ed035161c76423383e7ce17d6602210101262ebc1c0323,not copied; source ZIP member; full_read=unspecified; identity=pending; screening=pending; bytes=336161; sha256=cd94492f5c41c04605ed035161c76423383e7ce17d6602210101262ebc1c0323,evidence/papers/P-cd94492f5c41c046/paper.pdf
E0560,references/sources.json#E0560,pdf,P-6dd03a0887007e8c,corpus/papers/P-6dd03a0887007e8c/paper.pdf,64项训练清单文献库/H04_精确率函数与方差分层/32_Stavrou_2012_Causal Rate Distortion Function on Abstract Alphabets_ Optim.pdf,129375,6dd03a0887007e8c8602db1129401d39408f6d700b952680b8ef43c89c79d538,not copied; source ZIP member; full_read=unspecified; identity=pending; screening=pending; bytes=129375; sha256=6dd03a0887007e8c8602db1129401d39408f6d700b952680b8ef43c89c79d538,evidence/papers/P-6dd03a0887007e8c/paper.pdf
E0561,references/sources.json#E0561,pdf,P-0d53b4efeaaf0fe8,corpus/papers/P-0d53b4efeaaf0fe8/paper.pdf,64项训练清单文献库/H04_精确率函数与方差分层/11_Ameen_2026_Flexibility allocation in random bipartite matching markets.pdf,1136397,0d53b4efeaaf0fe8b2a18c3730193c56faf3942986ac9a1d3450d7e8a8458c90,not copied; source ZIP member; full_read=unspecified; identity=pending; screening=pending; bytes=1136397; sha256=0d53b4efeaaf0fe8b2a18c3730193c56faf3942986ac9a1d3450d7e8a8458c90,evidence/papers/P-0d53b4efeaaf0fe8/paper.pdf
E0562,references/sources.json#E0562,pdf,P-6fc4a51cf0dfeadd,corpus/papers/P-6fc4a51cf0dfeadd/paper.pdf,64项训练清单文献库/H04_精确率函数与方差分层/31_Bajovic_2012_Consensus and Products of Random Stochastic Matrices_ Exact.pdf,442660,6fc4a51cf0dfeadd85e3cce5833bb5f3ebceda59c93ae5be3f622859dc29e306,not copied; source ZIP member; full_read=unspecified; identity=pending; screening=pending; bytes=442660; sha256=6fc4a51cf0dfeadd85e3cce5833bb5f3ebceda59c93ae5be3f622859dc29e306,evidence/papers/P-6fc4a51cf0dfeadd/paper.pdf
E0563,references/sources.json#E0563,txt,,corpus/records/E0563-R-6cb3c325f40ef722.txt,64项训练清单文献库/H04_精确率函数与方差分层/40_unk_2025_Calculating Variance and Standard Deviation Using IBM SPSS【题录】.txt,694,6cb3c325f40ef722ce08dbb048903834d90fe718084f8b2722f566087298a9db,not copied; source ZIP member; full_read=unspecified; identity=pending; screening=pending; bytes=694; sha256=6cb3c325f40ef722ce08dbb048903834d90fe718084f8b2722f566087298a9db,evidence/records/E0563-R-6cb3c325f40ef722.txt
E0564,references/sources.json#E0564,pdf,P-4b130a8731fba88e,corpus/papers/P-4b130a8731fba88e/paper.pdf,64项训练清单文献库/H04_精确率函数与方差分层/34_Cooman_2008_n-Monotone exact functionals.pdf,204155,4b130a8731fba88edccbc2bbb5354b76d848700f46f1fcf0a5c07ba9d43bf282,not copied; source ZIP member; full_read=unspecified; identity=pending; screening=pending; bytes=204155; sha256=4b130a8731fba88edccbc2bbb5354b76d848700f46f1fcf0a5c07ba9d43bf282,evidence/papers/P-4b130a8731fba88e/paper.pdf
E0565,references/sources.json#E0565,pdf,P-29dae1f1e560a18c,corpus/papers/P-29dae1f1e560a18c/paper.pdf,64项训练清单文献库/H04_精确率函数与方差分层/21_Schlichting_2016_Convergence rates for upwind schemes with rough coefficients.pdf,1039141,29dae1f1e560a18c8677da4116271a70d22246301885e612c401ee74a85b4748,not copied; source ZIP member; full_read=unspecified; identity=pending; screening=pending; bytes=1039141; sha256=29dae1f1e560a18c8677da4116271a70d22246301885e612c401ee74a85b4748,evidence/papers/P-29dae1f1e560a18c/paper.pdf
E0566,references/sources.json#E0566,pdf,P-763fbd574959a7d2,corpus/papers/P-763fbd574959a7d2/paper.pdf,64项训练清单文献库/H04_精确率函数与方差分层/05_Wang_2020_Exact Convergence Rate Analysis of the Independent Metropoli.pdf,430235,763fbd574959a7d23850cfc07dcfb51692582816a74112f955e58f8d056c8686,not copied; source ZIP member; full_read=unspecified; identity=pending; screening=pending; bytes=430235; sha256=763fbd574959a7d23850cfc07dcfb51692582816a74112f955e58f8d056c8686,evidence/papers/P-763fbd574959a7d2/paper.pdf
