skill_id,reference_file,evidence_id,original_locator,portable_path,status
math-g02-outer-lp-size-and-tree-stopping,references/sources.json#E0172,E0172,64项训练清单文献库/G02_外测度 Lp、大小函数与树嵌入（Do–Thiele）/05_Hu_2026_On the Bloch and $_mathcal Q_p$--Carleson measure problems.pdf,papers/P-e8f8d143f231a4b3/paper.pdf,not copied; source ZIP member; full_read=unspecified; identity=pending; screening=pending; bytes=565465; sha256=e8f8d143f231a4b3092291a852cd7d8629a61bbf171d73f07eb45322e12e7e0f; source_presence=present; observed_bytes=565465
math-g02-outer-lp-size-and-tree-stopping,references/sources.json#E0173,E0173,64项训练清单文献库/G02_外测度 Lp、大小函数与树嵌入（Do–Thiele）/10_Germain_2023_L2 to Lp bounds for spectral projectors on thin intervals in.pdf,papers/P-d721d7ec11eb6af5/paper.pdf,not copied; source ZIP member; full_read=unspecified; identity=pending; screening=pending; bytes=728048; sha256=d721d7ec11eb6af5f7dc5a5c0759055470911dfc7ba01616989d8d1ba767e591; source_presence=present; observed_bytes=728048
math-g02-outer-lp-size-and-tree-stopping,references/sources.json#E0174,E0174,"64项训练清单文献库/G02_外测度 Lp、大小函数与树嵌入（Do–Thiele）/08_Fraccaroli_2023_Duality for outer $L^{p,_infty}$ spaces.pdf",papers/P-eb102a6795f6ce4e/paper.pdf,not copied; source ZIP member; full_read=unspecified; identity=pending; screening=pending; bytes=313602; sha256=eb102a6795f6ce4e101d2f2af3b624b046f3364ebbaddfa3789f45687a47b894; source_presence=present; observed_bytes=313602
math-g02-outer-lp-size-and-tree-stopping,references/sources.json#E0175,E0175,64项训练清单文献库/G02_外测度 Lp、大小函数与树嵌入（Do–Thiele）/15_Fraccaroli_2020_Duality for outer $L^p_μ(_ell^r)$ spaces and relation to ten.pdf,papers/P-aaa03e027f21d631/paper.pdf,not copied; source ZIP member; full_read=unspecified; identity=pending; screening=pending; bytes=414869; sha256=aaa03e027f21d63155e6da7120f59e158faf5be92b9dbb41bb2e152cd500b04a; source_presence=present; observed_bytes=414869
math-g02-outer-lp-size-and-tree-stopping,references/sources.json#E0176,E0176,64项训练清单文献库/G02_外测度 Lp、大小函数与树嵌入（Do–Thiele）/01_Han_2026_Spherical harmonics with maximal Lp norm growth.pdf,papers/P-8f83ed12830870fd/paper.pdf,not copied; source ZIP member; full_read=unspecified; identity=pending; screening=pending; bytes=466669; sha256=8f83ed12830870fdf31804c7dc49756107d0108247aa02e9902a6ed4c0b8bfee; source_presence=present; observed_bytes=466669
math-g02-outer-lp-size-and-tree-stopping,references/sources.json#E0177,E0177,64项训练清单文献库/G02_外测度 Lp、大小函数与树嵌入（Do–Thiele）/37_Criado_2009_On the lack of dimension free estimates in Lp for maximal fu.pdf,papers/P-f5f2be1bfe7b644c/paper.pdf,not copied; source ZIP member; full_read=unspecified; identity=pending; screening=pending; bytes=185821; sha256=f5f2be1bfe7b644cb6048ddf45630f66896fed68c905360104c4b89dca454f8c; source_presence=present; observed_bytes=185821
math-g02-outer-lp-size-and-tree-stopping,references/sources.json#E0178,E0178,64项训练清单文献库/G02_外测度 Lp、大小函数与树嵌入（Do–Thiele）/03_Lutz_2020_Algorithmically Optimal Outer Measures.pdf,papers/P-9c5706cb28293e3d/paper.pdf,not copied; source ZIP member; full_read=unspecified; identity=pending; screening=pending; bytes=194783; sha256=9c5706cb28293e3d64df7a74867ba0a33799ca595e876fb1a21e28b6c784bdda; source_presence=present; observed_bytes=194783
math-g02-outer-lp-size-and-tree-stopping,references/sources.json#E0179,E0179,64项训练清单文献库/G02_外测度 Lp、大小函数与树嵌入（Do–Thiele）/11_Bortz_2021_Elliptic measures for Dahlberg-Kenig-Pipher operators_ Asymp.pdf,papers/P-f7798e57a68d34b0/paper.pdf,not copied; source ZIP member; full_read=unspecified; identity=pending; screening=pending; bytes=347103; sha256=f7798e57a68d34b0a08f1a7cb982ef780863c3acdd87b341e0b0e5d59f692bd8; source_presence=present; observed_bytes=347103
math-g02-outer-lp-size-and-tree-stopping,references/sources.json#E0180,E0180,64项训练清单文献库/G02_外测度 Lp、大小函数与树嵌入（Do–Thiele）/20_Nava_2019_The Boundedness of Alternative General Gaussian Singular Int.pdf,papers/P-09fc8d690359f6e9/paper.pdf,not copied; source ZIP member; full_read=unspecified; identity=pending; screening=pending; bytes=257408; sha256=09fc8d690359f6e9408f835b56cf8208a5402b3b0ef1baaa1d046067b4088a08; source_presence=present; observed_bytes=257408
math-g02-outer-lp-size-and-tree-stopping,references/sources.json#E0181,E0181,64项训练清单文献库/G02_外测度 Lp、大小函数与树嵌入（Do–Thiele）/06_Fraccaroli_2021_Duality for double iterated outer $L^p$ spaces.pdf,papers/P-6920b727cff4af3e/paper.pdf,not copied; source ZIP member; full_read=unspecified; identity=pending; screening=pending; bytes=546802; sha256=6920b727cff4af3e9c59a33447083a70371a14c5325f463469ad4f29deab94fa; source_presence=present; observed_bytes=546802
math-g02-outer-lp-size-and-tree-stopping,references/sources.json#E0182,E0182,64项训练清单文献库/G02_外测度 Lp、大小函数与树嵌入（Do–Thiele）/34_Do_2013_Lp theory for outer measures and two themes of Lennart Carle.pdf,papers/P-c0cdd27d39fd5e63/paper.pdf,not copied; source ZIP member; full_read=unspecified; identity=pending; screening=pending; bytes=467254; sha256=c0cdd27d39fd5e6301fc2f66f3041ae0a33f42b1eb182f69d74a2d0f5ac99a8a; source_presence=present; observed_bytes=467254
math-g02-outer-lp-size-and-tree-stopping,references/sources.json#E0183,E0183,64项训练清单文献库/G02_外测度 Lp、大小函数与树嵌入（Do–Thiele）/09_Do_2020_Generalized Carleson Embeddings into Weighted Outer Measure.pdf,papers/P-e448d2077c4eb584/paper.pdf,not copied; source ZIP member; full_read=unspecified; identity=pending; screening=pending; bytes=790409; sha256=e448d2077c4eb5844da36c4b53397c3473669cd23a51417f6801ac451b6b0faa; source_presence=present; observed_bytes=790409
math-g02-outer-lp-size-and-tree-stopping,references/sources.json#E0184,E0184,64项训练清单文献库/G02_外测度 Lp、大小函数与树嵌入（Do–Thiele）/19_Im_2019_Nonstandard approach to Hausdorff outer measure.pdf,papers/P-374994dfb0dc7aa2/paper.pdf,not copied; source ZIP member; full_read=unspecified; identity=pending; screening=pending; bytes=145473; sha256=374994dfb0dc7aa255e3a0eb8151f91f6fcea76b3ce37375817ef30bc0e1c6ac; source_presence=present; observed_bytes=145473
math-g02-outer-lp-size-and-tree-stopping,references/sources.json#E0185,E0185,64项训练清单文献库/G02_外测度 Lp、大小函数与树嵌入（Do–Thiele）/33_Han_2014_Spherical harmonics with maximal Lp (2_p_=6) norm growth.pdf,papers/P-36a22db24bd9523b/paper.pdf,not copied; source ZIP member; full_read=unspecified; identity=pending; screening=pending; bytes=239649; sha256=36a22db24bd9523be9895fa093a5e6f346c00270c74030f7b6da0b6a107b2521; source_presence=present; observed_bytes=239649
math-g02-outer-lp-size-and-tree-stopping,references/sources.json#E0186,E0186,64项训练清单文献库/G02_外测度 Lp、大小函数与树嵌入（Do–Thiele）/27_Egert_2017_Lp-estimates for the square root of elliptic systems with mi.pdf,papers/P-ea37bce9c11298b3/paper.pdf,not copied; source ZIP member; full_read=unspecified; identity=pending; screening=pending; bytes=560857; sha256=ea37bce9c11298b3378680af277f2ffd162a1b098668870085c0f0d2129db331; source_presence=present; observed_bytes=560857
math-g02-outer-lp-size-and-tree-stopping,references/sources.json#E0187,E0187,64项训练清单文献库/G02_外测度 Lp、大小函数与树嵌入（Do–Thiele）/17_Dayan_2026_$A^p_α$ classes in the Dirichlet range_ inner-outer factoriz.pdf,papers/P-9e9e1a278f7f8c57/paper.pdf,not copied; source ZIP member; full_read=unspecified; identity=pending; screening=pending; bytes=437336; sha256=9e9e1a278f7f8c573b3d261bba59de4afb23bc2d18499ef07141e3d1d46a4dfe; source_presence=present; observed_bytes=437336
math-g02-outer-lp-size-and-tree-stopping,references/sources.json#E0188,E0188,64项训练清单文献库/G02_外测度 Lp、大小函数与树嵌入（Do–Thiele）/14_Dyakonov_2021_Nearly outer functions as extreme points in punctured Hardy.pdf,papers/P-832a2262499ea068/paper.pdf,not copied; source ZIP member; full_read=unspecified; identity=pending; screening=pending; bytes=250540; sha256=832a2262499ea068b72588de08cac5ab57291604556e69ae8bcc0aa345b31c60; source_presence=present; observed_bytes=250540
math-g02-outer-lp-size-and-tree-stopping,references/sources.json#E0189,E0189,64项训练清单文献库/G02_外测度 Lp、大小函数与树嵌入（Do–Thiele）/31_Cufí_2016_Differentiability properties of Riesz potentials of finite m.pdf,papers/P-980e3dc42ebd7ddf/paper.pdf,not copied; source ZIP member; full_read=unspecified; identity=pending; screening=pending; bytes=377990; sha256=980e3dc42ebd7ddfefc762b7c4ba4337f33d24336c9ac19bcac2a875a2f8b692; source_presence=present; observed_bytes=377990
math-g02-outer-lp-size-and-tree-stopping,references/sources.json#E0190,E0190,64项训练清单文献库/G02_外测度 Lp、大小函数与树嵌入（Do–Thiele）/32_Thiele_2014_Weighted martingale multipliers in non-homogeneous setting a.pdf,papers/P-67511380f4a16c18/paper.pdf,not copied; source ZIP member; full_read=unspecified; identity=pending; screening=pending; bytes=291309; sha256=67511380f4a16c1815b2971da4d5d91523b738c79603d2af39b3acc57c4146b3; source_presence=present; observed_bytes=291309
math-g02-outer-lp-size-and-tree-stopping,references/sources.json#E0191,E0191,64项训练清单文献库/G02_外测度 Lp、大小函数与树嵌入（Do–Thiele）/36_Sadov_2011_Characterization of Carleson measures by the Hausdorff-Young.pdf,papers/P-f95e9a5feeb7b3c1/paper.pdf,not copied; source ZIP member; full_read=unspecified; identity=pending; screening=pending; bytes=134884; sha256=f95e9a5feeb7b3c1402471fd973ad4999f5347fdcc615c3baa816580c685dc64; source_presence=present; observed_bytes=134884
math-g02-outer-lp-size-and-tree-stopping,references/sources.json#E0192,E0192,64项训练清单文献库/G02_外测度 Lp、大小函数与树嵌入（Do–Thiele）/12_Zorii_2023_Fractional harmonic measure in minimum Riesz energy problems.pdf,papers/P-98c6f7a595622878/paper.pdf,not copied; source ZIP member; full_read=unspecified; identity=pending; screening=pending; bytes=449870; sha256=98c6f7a5956228780a1f53f64c7ac5df9069d88eaafb4f59c1e7bd8e6c35540c; source_presence=present; observed_bytes=449870
math-g02-outer-lp-size-and-tree-stopping,references/sources.json#E0193,E0193,64项训练清单文献库/G02_外测度 Lp、大小函数与树嵌入（Do–Thiele）/39_unk_2020_Measure and Outer Measure【题录】.txt,records/E0193-R-61670cccbe9dd52b.txt,not copied; source ZIP member; full_read=unspecified; identity=pending; screening=pending; bytes=695; sha256=61670cccbe9dd52b96fb594af6fb17cbf55cb860ed463fecf7e0db05abf3b772; source_presence=present; observed_bytes=695
math-g02-outer-lp-size-and-tree-stopping,references/sources.json#E0194,E0194,64项训练清单文献库/G02_外测度 Lp、大小函数与树嵌入（Do–Thiele）/24_Alomari_2018_Lp-error Bounds Of Two And Three-point Quadrature Rules For.pdf,papers/P-dafe9e4aebc83a8c/paper.pdf,not copied; source ZIP member; full_read=unspecified; identity=pending; screening=pending; bytes=189023; sha256=dafe9e4aebc83a8c0e4e208c1a9f9154cffe68f0a5579b50c4e4124007703b96; source_presence=present; observed_bytes=189023
math-g02-outer-lp-size-and-tree-stopping,references/sources.json#E0195,E0195,64项训练清单文献库/G02_外测度 Lp、大小函数与树嵌入（Do–Thiele）/21_Butler_2019_Deficient topological measures on locally compact spaces.pdf,papers/P-037e470bb75a503c/paper.pdf,not copied; source ZIP member; full_read=unspecified; identity=pending; screening=pending; bytes=248734; sha256=037e470bb75a503c63374dff0fa5e3efa92c1ae0fa5e00a1161e81b15446014a; source_presence=present; observed_bytes=248734
math-g02-outer-lp-size-and-tree-stopping,references/sources.json#E0196,E0196,64项训练清单文献库/G02_外测度 Lp、大小函数与树嵌入（Do–Thiele）/07_Appleby_2023_Solution Space Characterisation of Perturbed Linear Volterra.pdf,papers/P-106a26dd826bb615/paper.pdf,not copied; source ZIP member; full_read=unspecified; identity=pending; screening=pending; bytes=126319; sha256=106a26dd826bb615adb6a1a4c1ebf730599c10484f18edc78d762178bc63f355; source_presence=present; observed_bytes=126319
math-g02-outer-lp-size-and-tree-stopping,references/sources.json#E0197,E0197,64项训练清单文献库/G02_外测度 Lp、大小函数与树嵌入（Do–Thiele）/29_Rocha_2016_Lp-Lq estimates of some convolution operators with singular.pdf,papers/P-47d3002ddd9d3490/paper.pdf,not copied; source ZIP member; full_read=unspecified; identity=pending; screening=pending; bytes=181534; sha256=47d3002ddd9d3490a52cdff6e923c9cc803934d3b1cb848a4aa29564e8992da8; source_presence=present; observed_bytes=181534
math-g02-outer-lp-size-and-tree-stopping,references/sources.json#E0198,E0198,64项训练清单文献库/G02_外测度 Lp、大小函数与树嵌入（Do–Thiele）/04_Rocha_2020_Lp-improving properties of certain singular measures on the.pdf,papers/P-46fccaac4a408685/paper.pdf,not copied; source ZIP member; full_read=unspecified; identity=pending; screening=pending; bytes=169248; sha256=46fccaac4a408685d0f4623224c4ed38d18f9bae587b1e468de29644b3f76721; source_presence=present; observed_bytes=169248
math-g02-outer-lp-size-and-tree-stopping,references/sources.json#E0199,E0199,"64项训练清单文献库/G02_外测度 Lp、大小函数与树嵌入（Do–Thiele）/22_Paxton_2018_A Singular Integral Measure for $C^{1,1}$ and $C^1$ Boundari.pdf",papers/P-4d607c46cd0c2d4c/paper.pdf,not copied; source ZIP member; full_read=unspecified; identity=pending; screening=pending; bytes=849365; sha256=4d607c46cd0c2d4c215ec45a139c0514a0ba1b45737bc0751ccc6911ede110a9; source_presence=present; observed_bytes=849365
math-g02-outer-lp-size-and-tree-stopping,references/sources.json#E0200,E0200,64项训练清单文献库/G02_外测度 Lp、大小函数与树嵌入（Do–Thiele）/13_Marín_2022_The criticality of reversible quadratic centers at the outer.pdf,papers/P-89c2c860b3e12419/paper.pdf,not copied; source ZIP member; full_read=unspecified; identity=pending; screening=pending; bytes=1171314; sha256=89c2c860b3e12419ceb509489ec958da54da46076324a020d2c861431de47017; source_presence=present; observed_bytes=1171314
math-g02-outer-lp-size-and-tree-stopping,references/sources.json#E0201,E0201,64项训练清单文献库/G02_外测度 Lp、大小函数与树嵌入（Do–Thiele）/02_Carli_2023_Lp simulation for measures.pdf,papers/P-25195e416ca02bf6/paper.pdf,not copied; source ZIP member; full_read=unspecified; identity=pending; screening=pending; bytes=193776; sha256=25195e416ca02bf6e54fdf64a8da957ecf23ce821b1d3c4b7ec9d4960e77e789; source_presence=present; observed_bytes=193776
math-g02-outer-lp-size-and-tree-stopping,references/sources.json#E0202,E0202,64项训练清单文献库/G02_外测度 Lp、大小函数与树嵌入（Do–Thiele）/23_Díaz_2018_Operators generated by wavelets and their boundedness from H【题录】.txt,records/E0202-R-49e7f44e6c8ef458.txt,not copied; source ZIP member; full_read=unspecified; identity=pending; screening=pending; bytes=807; sha256=49e7f44e6c8ef458e0d850d38761d252af1f10fd3015fd6b11b2826b70eb90ef; source_presence=present; observed_bytes=807
math-g02-outer-lp-size-and-tree-stopping,references/sources.json#E0203,E0203,64项训练清单文献库/G02_外测度 Lp、大小函数与树嵌入（Do–Thiele）/25_Pinelis_2017_Measure extension by local approximation.pdf,papers/P-e15b0e20c0552169/paper.pdf,not copied; source ZIP member; full_read=unspecified; identity=pending; screening=pending; bytes=149367; sha256=e15b0e20c0552169707185fadedc41313926ab5bc4aa0e9d97ddc9331affacda; source_presence=present; observed_bytes=149367
math-g02-outer-lp-size-and-tree-stopping,references/sources.json#E0204,E0204,64项训练清单文献库/G02_外测度 Lp、大小函数与树嵌入（Do–Thiele）/38_Anastassiou_2009_Lp Convergence with Rates of Smooth Poisson-Cauchy Type Sing.pdf,papers/P-c9c858dcc37307cb/paper.pdf,not copied; source ZIP member; full_read=unspecified; identity=pending; screening=pending; bytes=191989; sha256=c9c858dcc37307cb382a2679446dfdd55eb8bad8627c0edce29ff08eca8ca528; source_presence=present; observed_bytes=191989
math-g02-outer-lp-size-and-tree-stopping,references/sources.json#E0205,E0205,64项训练清单文献库/G02_外测度 Lp、大小函数与树嵌入（Do–Thiele）/28_Paxton_2017_Cubical Covers of Sets in $_mathbb{R}^n$.pdf,papers/P-6b81308d832771aa/paper.pdf,not copied; source ZIP member; full_read=unspecified; identity=pending; screening=pending; bytes=591134; sha256=6b81308d832771aa9927a73dda7d51b44d244762d1a7e8e16c2dcafa2e07858a; source_presence=present; observed_bytes=591134
math-g02-outer-lp-size-and-tree-stopping,references/sources.json#E0206,E0206,64项训练清单文献库/G02_外测度 Lp、大小函数与树嵌入（Do–Thiele）/16_Borrero_2022_On a new measure on the Levi-Civita field $_mathcal{R}$.pdf,papers/P-a41adadad59cfdc9/paper.pdf,not copied; source ZIP member; full_read=unspecified; identity=pending; screening=pending; bytes=249795; sha256=a41adadad59cfdc9724ddcd5300dea2c8106d4d8bda0426847d9ffb861ad9a34; source_presence=present; observed_bytes=249795
math-g02-outer-lp-size-and-tree-stopping,references/sources.json#E0207,E0207,64项训练清单文献库/G02_外测度 Lp、大小函数与树嵌入（Do–Thiele）/40_unk_2021_Inner and Outer Measure【题录】.txt,records/E0207-R-90ba2806e6bd14ff.txt,not copied; source ZIP member; full_read=unspecified; identity=pending; screening=pending; bytes=709; sha256=90ba2806e6bd14ff86278675ad297200e5860d0f55f5f752ac52cc16ebbe6be5; source_presence=present; observed_bytes=709
math-g02-outer-lp-size-and-tree-stopping,references/sources.json#E0208,E0208,64项训练清单文献库/G02_外测度 Lp、大小函数与树嵌入（Do–Thiele）/26_Saglietti_2017_Absolute continuity of non-homogeneous self-similar measures.pdf,papers/P-f904993bd4317bd6/paper.pdf,not copied; source ZIP member; full_read=unspecified; identity=pending; screening=pending; bytes=547286; sha256=f904993bd4317bd63dd50d52a7412252b54c306d54966f5690b9bbf08fcfb5ae; source_presence=present; observed_bytes=547286
math-g02-outer-lp-size-and-tree-stopping,references/sources.json#E0209,E0209,64项训练清单文献库/G02_外测度 Lp、大小函数与树嵌入（Do–Thiele）/30_Mantica_2016_Minkowski's Question Mark Measure.pdf,papers/P-ac2388d25128521a/paper.pdf,not copied; source ZIP member; full_read=unspecified; identity=pending; screening=pending; bytes=2393187; sha256=ac2388d25128521afd5c3346dc4e1ff22266771110d633c7b2ad0446ad079e60; source_presence=present; observed_bytes=2393187
math-g02-outer-lp-size-and-tree-stopping,references/sources.json#E0210,E0210,64项训练清单文献库/G02_外测度 Lp、大小函数与树嵌入（Do–Thiele）/35_Mohapatra_2012_On trigonometric approximation of functions in the Lp norm.pdf,papers/P-df5d521b441ab8f7/paper.pdf,not copied; source ZIP member; full_read=unspecified; identity=pending; screening=pending; bytes=122739; sha256=df5d521b441ab8f707c2246f3b1ac4332a749c73f58348fac8f41f49abe55ec2; source_presence=present; observed_bytes=122739
math-g02-outer-lp-size-and-tree-stopping,references/sources.json#E0211,E0211,64项训练清单文献库/G02_外测度 Lp、大小函数与树嵌入（Do–Thiele）/18_Sokal_2022_When does a hypergeometric function ${}_{p_!}F_q$ belong to.pdf,papers/P-0f7ce09bff11983e/paper.pdf,not copied; source ZIP member; full_read=unspecified; identity=pending; screening=pending; bytes=386354; sha256=0f7ce09bff11983e364ec2486caeff3c220c827fde481ba4da3f9fb3dbb9325e; source_presence=present; observed_bytes=386354
math-g02-outer-lp-size-and-tree-stopping,references/sources.json#supplementary:R-49e7f44e6c8ef458:basis,E0202-R-49e7f44e6c8ef458,corpus/records/E0202-R-49e7f44e6c8ef458.txt,records/E0202-R-49e7f44e6c8ef458.txt,not copied; source_status=failed; identity=pending; attempted_at=2026-10-05; http_status=404; basis_record_source_presence=present; sha256=49e7f44e6c8ef458e0d850d38761d252af1f10fd3015fd6b11b2826b70eb90ef; source_presence=present; observed_bytes=807
math-g02-outer-lp-size-and-tree-stopping,references/sources.json,review:TEAM_FG/evidence/P-eb102a6795f6ce4e.json,reviews/TEAM_FG/evidence/P-eb102a6795f6ce4e.json,reviews/TEAM_FG/evidence/P-eb102a6795f6ce4e.json,not copied; source_presence=present; bytes=6979; sha256=8cbf604221481630e2711dc5460d0101e487676365f6cbfdbb38a4461ca5a596; observed_bytes=6979
math-g02-outer-lp-size-and-tree-stopping,references/sources.json,review:TEAM_FG/evidence/P-aaa03e027f21d631.json,reviews/TEAM_FG/evidence/P-aaa03e027f21d631.json,reviews/TEAM_FG/evidence/P-aaa03e027f21d631.json,not copied; source_presence=present; bytes=10811; sha256=d1d7c0c387605e7d754154c673e00b248c00acd47eded00827743e732701da34; observed_bytes=10811
math-g02-outer-lp-size-and-tree-stopping,references/source-contract-P-e8f8.md,review:HK/evidence/P-e8f8d143f231a4b3.json,reviews/HK/evidence/P-e8f8d143f231a4b3.json,reviews/HK/evidence/P-e8f8d143f231a4b3.json,not copied; source_presence=present; bytes=6725; sha256=0f06f06ef797e3445013b7f0ec13b6bd8ff1ed9b913ceb04b83dfac737e55c34; observed_bytes=6725
math-g02-outer-lp-size-and-tree-stopping,references/papers/HK-P-98c6f7a595622878.json,review:HK/evidence/P-98c6f7a595622878.json,reviews/HK/evidence/P-98c6f7a595622878.json,reviews/HK/evidence/P-98c6f7a595622878.json,not copied; source_presence=present; bytes=6583; sha256=3a531ee958fe8be15bc6e442093b9d373f3e4a55fa5d1d9994c7ce08dc0741d7; observed_bytes=6583
math-g02-outer-lp-size-and-tree-stopping,references/papers/TEAM_FG-P-aaa03e027f21d631.json,review:TEAM_FG/evidence/P-aaa03e027f21d631.json,reviews/TEAM_FG/evidence/P-aaa03e027f21d631.json,reviews/TEAM_FG/evidence/P-aaa03e027f21d631.json,not copied; source_presence=present; bytes=10811; sha256=d1d7c0c387605e7d754154c673e00b248c00acd47eded00827743e732701da34; observed_bytes=10811
math-g02-outer-lp-size-and-tree-stopping,references/papers/TEAM_FG-P-eb102a6795f6ce4e.json,review:TEAM_FG/evidence/P-eb102a6795f6ce4e.json,reviews/TEAM_FG/evidence/P-eb102a6795f6ce4e.json,reviews/TEAM_FG/evidence/P-eb102a6795f6ce4e.json,not copied; source_presence=present; bytes=6979; sha256=8cbf604221481630e2711dc5460d0101e487676365f6cbfdbb38a4461ca5a596; observed_bytes=6979
math-g02-outer-lp-size-and-tree-stopping,references/papers/EG-P-c0cdd27d39fd5e63.json,review:EG/evidence/P-c0cdd27d39fd5e63.json,reviews/EG/evidence/P-c0cdd27d39fd5e63.json,reviews/EG/evidence/P-c0cdd27d39fd5e63.json,not copied; source_presence=present; bytes=6860; sha256=0aaf75316384cb5a16c6d240dc625187dbae47dbc7a7603f815bc2d223274f2b; observed_bytes=6860
math-g02-outer-lp-size-and-tree-stopping,references/papers/HK-P-e8f8d143f231a4b3.json,review:HK/evidence/P-e8f8d143f231a4b3.json,reviews/HK/evidence/P-e8f8d143f231a4b3.json,reviews/HK/evidence/P-e8f8d143f231a4b3.json,not copied; source_presence=present; bytes=6725; sha256=0f06f06ef797e3445013b7f0ec13b6bd8ff1ed9b913ceb04b83dfac737e55c34; observed_bytes=6725
math-g02-outer-lp-size-and-tree-stopping,references/papers/HK-P-98c6f7a595622878.json#source,P-98c6f7a595622878:paper.md,corpus/papers/P-98c6f7a595622878/paper.md,papers/P-98c6f7a595622878/paper.md,not copied; derived full-text artifact; source_presence=present; bytes=77349; sha256=8ee7a1d8fa2f82c6aa5835a8cfd6311db7b1e1342c69c33d42639a5a967bd59b; observed_bytes=77349
math-g02-outer-lp-size-and-tree-stopping,references/papers/TEAM_FG-P-aaa03e027f21d631.json#source,P-aaa03e027f21d631:paper.md,corpus/papers/P-aaa03e027f21d631/paper.md,papers/P-aaa03e027f21d631/paper.md,not copied; derived full-text artifact; source_presence=present; bytes=99139; sha256=446bd138245049109311ca3c6a1addfd3fb067c9dc95fb3b5ed50f55bf27abd8; observed_bytes=99139
math-g02-outer-lp-size-and-tree-stopping,references/papers/TEAM_FG-P-eb102a6795f6ce4e.json#source,P-eb102a6795f6ce4e:paper.md,corpus/papers/P-eb102a6795f6ce4e/paper.md,papers/P-eb102a6795f6ce4e/paper.md,not copied; derived full-text artifact; source_presence=present; bytes=65128; sha256=fdc4f20f0359fcbdb37ad29dce75da187efb65d20f09e5b851e317006f9853be; observed_bytes=65128
math-g02-outer-lp-size-and-tree-stopping,references/papers/EG-P-c0cdd27d39fd5e63.json#source,P-c0cdd27d39fd5e63:paper.md,corpus/papers/P-c0cdd27d39fd5e63/paper.md,papers/P-c0cdd27d39fd5e63/paper.md,not copied; derived full-text artifact; source_presence=present; bytes=148300; sha256=d593e396150099874f060da898c49f360c5b7906d3ba87fe27345c99b0e7fa1f; observed_bytes=148300
math-g02-outer-lp-size-and-tree-stopping,references/papers/HK-P-e8f8d143f231a4b3.json#source,P-e8f8d143f231a4b3:paper.md,corpus/papers/P-e8f8d143f231a4b3/paper.md,papers/P-e8f8d143f231a4b3/paper.md,not copied; derived full-text artifact; source_presence=present; bytes=76370; sha256=d494ba2fce403daa53babda60e116cc627a67005f7ad4bc8b949c6c87571e7eb; observed_bytes=76370
