evidence_id,reference_file,format,paper_id,source_path,original_locator,bytes,sha256,status,resolved_portable_path
E2480,references/sources.json#E2480,pdf,P-511c16b58ca61e51,corpus/papers/P-511c16b58ca61e51/paper.pdf,64项训练清单文献库/H03_Fan–Grama–Liu 鞅展开/02_Xiao_2022_Moderate deviations and local limit theorems for the coeffic.pdf,428797,511c16b58ca61e5157c5085bbfa91987ceda4fd5a587d31be92227222bc905dc,not copied; source ZIP member; full_read=unspecified; identity=pending; screening=pending; bytes=428797; sha256=511c16b58ca61e5157c5085bbfa91987ceda4fd5a587d31be92227222bc905dc,evidence/papers/P-511c16b58ca61e51/paper.pdf
E2481,references/sources.json#E2481,pdf,P-ccc34ac64c94f533,corpus/papers/P-ccc34ac64c94f533/paper.pdf,64项训练清单文献库/H03_Fan–Grama–Liu 鞅展开/22_Xiao_2019_Precise large deviation asymptotics for products of random m.pdf,420191,ccc34ac64c94f533faa9329c4279319fd3280706dc5b93bb3216059175877333,not copied; source ZIP member; full_read=unspecified; identity=pending; screening=pending; bytes=420191; sha256=ccc34ac64c94f533faa9329c4279319fd3280706dc5b93bb3216059175877333,evidence/papers/P-ccc34ac64c94f533/paper.pdf
E2482,references/sources.json#E2482,pdf,P-53739dd293f0de1c,corpus/papers/P-53739dd293f0de1c/paper.pdf,64项训练清单文献库/H03_Fan–Grama–Liu 鞅展开/33_Fan_2012_Cramér large deviation expansions for martingales under Bern.pdf,292374,53739dd293f0de1c466a278829271bd71c72b1e68af9504a9ae48a8cdab2dd83,not copied; source ZIP member; full_read=unspecified; identity=pending; screening=pending; bytes=292374; sha256=53739dd293f0de1c466a278829271bd71c72b1e68af9504a9ae48a8cdab2dd83,evidence/papers/P-53739dd293f0de1c/paper.pdf
E2483,references/sources.json#E2483,pdf,P-18e9dffb1966ce0a,corpus/papers/P-18e9dffb1966ce0a/paper.pdf,64项训练清单文献库/H03_Fan–Grama–Liu 鞅展开/12_Zhang_2026_Weighted $L^p$ solutions of scalar BSDEs with general unboun.pdf,554815,18e9dffb1966ce0ace8d0876aa7f273cecc291828033b3dea5f3ecc2ddfaa79b,not copied; source ZIP member; full_read=unspecified; identity=pending; screening=pending; bytes=554815; sha256=18e9dffb1966ce0ace8d0876aa7f273cecc291828033b3dea5f3ecc2ddfaa79b,evidence/papers/P-18e9dffb1966ce0a/paper.pdf
E2484,references/sources.json#E2484,pdf,P-cffeb4b9e433759a,corpus/papers/P-cffeb4b9e433759a/paper.pdf,64项训练清单文献库/H03_Fan–Grama–Liu 鞅展开/17_Dickson_2025_Decay of connection probability in high-dimensional continuu.pdf,644659,cffeb4b9e433759a6c3164e100be5d0fde26ae9f30fc40ab363473daf1dfc2a2,not copied; source ZIP member; full_read=unspecified; identity=pending; screening=pending; bytes=644659; sha256=cffeb4b9e433759a6c3164e100be5d0fde26ae9f30fc40ab363473daf1dfc2a2,evidence/papers/P-cffeb4b9e433759a/paper.pdf
E2485,references/sources.json#E2485,pdf,P-5e3040b627aa9b10,corpus/papers/P-5e3040b627aa9b10/paper.pdf,64项训练清单文献库/H03_Fan–Grama–Liu 鞅展开/20_Grama_2024_A functional Hungarian construction for sums of independent.pdf,359225,5e3040b627aa9b10f47fe2cb3fbccf7dffbecc2e68c37d051ea0be9dac754b98,not copied; source ZIP member; full_read=unspecified; identity=pending; screening=pending; bytes=359225; sha256=5e3040b627aa9b10f47fe2cb3fbccf7dffbecc2e68c37d051ea0be9dac754b98,evidence/papers/P-5e3040b627aa9b10/paper.pdf
E2486,references/sources.json#E2486,pdf,P-a3d09cc8a62a1d87,corpus/papers/P-a3d09cc8a62a1d87/paper.pdf,64项训练清单文献库/H03_Fan–Grama–Liu 鞅展开/07_Lai_2025_Existence and uniqueness on $L^1$ solutions of multidimensio.pdf,519674,a3d09cc8a62a1d87077635b8ffd1323f0dccc73f77221d156de068a7a2e5610d,not copied; source ZIP member; full_read=unspecified; identity=pending; screening=pending; bytes=519674; sha256=a3d09cc8a62a1d87077635b8ffd1323f0dccc73f77221d156de068a7a2e5610d,evidence/papers/P-a3d09cc8a62a1d87/paper.pdf
E2487,references/sources.json#E2487,pdf,P-4c4efd3459dfed7f,corpus/papers/P-4c4efd3459dfed7f/paper.pdf,64项训练清单文献库/H03_Fan–Grama–Liu 鞅展开/16_Baik_2024_Pinched-up periodic KPZ fixed point.pdf,595639,4c4efd3459dfed7f0c413e98e351f9ef5959b9a1b10fdddff3cf4b1c0adc18eb,not copied; source ZIP member; full_read=unspecified; identity=pending; screening=pending; bytes=595639; sha256=4c4efd3459dfed7f0c413e98e351f9ef5959b9a1b10fdddff3cf4b1c0adc18eb,evidence/papers/P-4c4efd3459dfed7f/paper.pdf
E2488,references/sources.json#E2488,pdf,P-a3e2357596f3eb7f,corpus/papers/P-a3e2357596f3eb7f/paper.pdf,64项训练清单文献库/H03_Fan–Grama–Liu 鞅展开/27_Fan_2015_A generalization of Cramér large deviations for martingales.pdf,134968,a3e2357596f3eb7f52bc152e990bb34659578414a502518167592bb7cec5cd77,not copied; source ZIP member; full_read=unspecified; identity=pending; screening=pending; bytes=134968; sha256=a3e2357596f3eb7f52bc152e990bb34659578414a502518167592bb7cec5cd77,evidence/papers/P-a3e2357596f3eb7f/paper.pdf
E2489,references/sources.json#E2489,txt,,corpus/records/E2489-R-fbd4c264d0a543ba.txt,64项训练清单文献库/H03_Fan–Grama–Liu 鞅展开/38_Goncalves_2009_Totally Asymmetric Zero-Range process in the Rarefaction Fan【题录】.txt,1158,fbd4c264d0a543bafeace1eb460ad62648ef07e10a90e0bb4d56729d35379a60,not copied; source ZIP member; full_read=unspecified; identity=pending; screening=pending; bytes=1158; sha256=fbd4c264d0a543bafeace1eb460ad62648ef07e10a90e0bb4d56729d35379a60,evidence/records/E2489-R-fbd4c264d0a543ba.txt
E2490,references/sources.json#E2490,pdf,P-91ef70e93c46c548,corpus/papers/P-91ef70e93c46c548/paper.pdf,64项训练清单文献库/H03_Fan–Grama–Liu 鞅展开/40_Liu_2007_The random case of Conley's theorem_ III. Random semiflow ca.pdf,242448,91ef70e93c46c54839dfc42c6c356d4d5c18ef62d20374172eecb3e5366d4407,not copied; source ZIP member; full_read=unspecified; identity=pending; screening=pending; bytes=242448; sha256=91ef70e93c46c54839dfc42c6c356d4d5c18ef62d20374172eecb3e5366d4407,evidence/papers/P-91ef70e93c46c548/paper.pdf
E2491,references/sources.json#E2491,pdf,P-bfa4604dd5161ffe,corpus/papers/P-bfa4604dd5161ffe/paper.pdf,64项训练清单文献库/H03_Fan–Grama–Liu 鞅展开/08_Li_2024_Weighted $L^p~(p_geq1)$ solutions of random time horizon BSD.pdf,517105,bfa4604dd5161ffe7dd994edb506d2c32bbc3e77b78b0e39331f4491315adb1b,not copied; source ZIP member; full_read=unspecified; identity=pending; screening=pending; bytes=517105; sha256=bfa4604dd5161ffe7dd994edb506d2c32bbc3e77b78b0e39331f4491315adb1b,evidence/papers/P-bfa4604dd5161ffe/paper.pdf
E2492,references/sources.json#E2492,pdf,P-bd0a510d58acb086,corpus/papers/P-bd0a510d58acb086/paper.pdf,64项训练清单文献库/H03_Fan–Grama–Liu 鞅展开/32_Fan_2013_Multidimensional BSDEs with uniformly continuous generators.pdf,274090,bd0a510d58acb086aa30e7fb1b79f068518bae956f90cf4d8c3f37d7aeec13da,not copied; source ZIP member; full_read=unspecified; identity=pending; screening=pending; bytes=274090; sha256=bd0a510d58acb086aa30e7fb1b79f068518bae956f90cf4d8c3f37d7aeec13da,evidence/papers/P-bd0a510d58acb086/paper.pdf
E2493,references/sources.json#E2493,pdf,P-8dfcc8ef6c48f47e,corpus/papers/P-8dfcc8ef6c48f47e/paper.pdf,64项训练清单文献库/H03_Fan–Grama–Liu 鞅展开/29_Fan_2014_Martingale inequalities of type Dzhaparidze and van Zanten.pdf,207115,8dfcc8ef6c48f47ef7071c1a091563d6ff9c1fc9ec03985826a984862d1ca076,not copied; source ZIP member; full_read=unspecified; identity=pending; screening=pending; bytes=207115; sha256=8dfcc8ef6c48f47ef7071c1a091563d6ff9c1fc9ec03985826a984862d1ca076,evidence/papers/P-8dfcc8ef6c48f47e/paper.pdf
E2494,references/sources.json#E2494,pdf,P-e645d8e34958c5a4,corpus/papers/P-e645d8e34958c5a4/paper.pdf,64项训练清单文献库/H03_Fan–Grama–Liu 鞅展开/24_Fan_2017_Self-normalized Cramer type moderate deviations for martinga.pdf,454050,e645d8e34958c5a48bca1a765fceff71dc730eceeda0da577b1a21106ae92000,not copied; source ZIP member; full_read=unspecified; identity=pending; screening=pending; bytes=454050; sha256=e645d8e34958c5a48bca1a765fceff71dc730eceeda0da577b1a21106ae92000,evidence/papers/P-e645d8e34958c5a4/paper.pdf
E2495,references/sources.json#E2495,pdf,P-459e63ae991bcc06,corpus/papers/P-459e63ae991bcc06/paper.pdf,64项训练清单文献库/H03_Fan–Grama–Liu 鞅展开/11_Xiao_2022_Edgeworth expansion and large deviations for the coefficient.pdf,602279,459e63ae991bcc06ab87f37c55c8307edac375a01927af5f8022b5b8def7562c,not copied; source ZIP member; full_read=unspecified; identity=pending; screening=pending; bytes=602279; sha256=459e63ae991bcc06ab87f37c55c8307edac375a01927af5f8022b5b8def7562c,evidence/papers/P-459e63ae991bcc06/paper.pdf
E2496,references/sources.json#E2496,pdf,P-f0f8ac43c027b3b0,corpus/papers/P-f0f8ac43c027b3b0/paper.pdf,64项训练清单文献库/H03_Fan–Grama–Liu 鞅展开/21_Fan_2019_Cramér moderate deviation expansion for martingales with one.pdf,298607,f0f8ac43c027b3b06824d34e3c403e7b1d5b7ff1d6a1cc836ce308111229a5f2,not copied; source ZIP member; full_read=unspecified; identity=pending; screening=pending; bytes=298607; sha256=f0f8ac43c027b3b06824d34e3c403e7b1d5b7ff1d6a1cc836ce308111229a5f2,evidence/papers/P-f0f8ac43c027b3b0/paper.pdf
E2497,references/sources.json#E2497,pdf,P-5bfdde99e311286c,corpus/papers/P-5bfdde99e311286c/paper.pdf,64项训练清单文献库/H03_Fan–Grama–Liu 鞅展开/18_Loth_2023_Moments of Colored Permutation Statistics on Conjugacy Class.pdf,475767,5bfdde99e311286cb2eacd748cc3600a8e7155c8bb54047f94fa909bd3059ba0,not copied; source ZIP member; full_read=unspecified; identity=pending; screening=pending; bytes=475767; sha256=5bfdde99e311286cb2eacd748cc3600a8e7155c8bb54047f94fa909bd3059ba0,evidence/papers/P-5bfdde99e311286c/paper.pdf
E2498,references/sources.json#E2498,pdf,P-92ce585be84dd3b7,corpus/papers/P-92ce585be84dd3b7/paper.pdf,64项训练清单文献库/H03_Fan–Grama–Liu 鞅展开/15_Liao_2020_Truncated Milstein method for non-autonomous stochastic diff.pdf,251010,92ce585be84dd3b7bd3bd4d44e3640a774f8f211706fd2d48181397092519850,not copied; source ZIP member; full_read=unspecified; identity=pending; screening=pending; bytes=251010; sha256=92ce585be84dd3b7bd3bd4d44e3640a774f8f211706fd2d48181397092519850,evidence/papers/P-92ce585be84dd3b7/paper.pdf
E2499,references/sources.json#E2499,pdf,P-abb5e980af4381a7,corpus/papers/P-abb5e980af4381a7/paper.pdf,64项训练清单文献库/H03_Fan–Grama–Liu 鞅展开/30_Chen_2014_Systems of interacting diffusions with partial annihilation.pdf,517527,abb5e980af4381a753e2e36c6ae375d09f2bebf3fecf9f022b6caae506b65cb8,not copied; source ZIP member; full_read=unspecified; identity=pending; screening=pending; bytes=517527; sha256=abb5e980af4381a753e2e36c6ae375d09f2bebf3fecf9f022b6caae506b65cb8,evidence/papers/P-abb5e980af4381a7/paper.pdf
E2500,references/sources.json#E2500,pdf,P-d349bcb7490d61cf,corpus/papers/P-d349bcb7490d61cf/paper.pdf,64项训练清单文献库/H03_Fan–Grama–Liu 鞅展开/37_Fan_2011_Large deviation exponential inequalities for supermartingale.pdf,134560,d349bcb7490d61cf14a0751fcc46f4a101be94725fdde491e98736eec77451b7,not copied; source ZIP member; full_read=unspecified; identity=pending; screening=pending; bytes=134560; sha256=d349bcb7490d61cf14a0751fcc46f4a101be94725fdde491e98736eec77451b7,evidence/papers/P-d349bcb7490d61cf/paper.pdf
E2501,references/sources.json#E2501,pdf,P-e46b70265f63e997,corpus/papers/P-e46b70265f63e997/paper.pdf,64项训练清单文献库/H03_Fan–Grama–Liu 鞅展开/09_Wang_2024_On the uniqueness of solutions to quadratic BSDEs with non-c.pdf,489428,e46b70265f63e997bd068e4d58731393a7d341af4cdce2c01ae2787ce774c796,not copied; source ZIP member; full_read=unspecified; identity=pending; screening=pending; bytes=489428; sha256=e46b70265f63e997bd068e4d58731393a7d341af4cdce2c01ae2787ce774c796,evidence/papers/P-e46b70265f63e997/paper.pdf
E2502,references/sources.json#E2502,pdf,P-cd30b6c33c482320,corpus/papers/P-cd30b6c33c482320/paper.pdf,64项训练清单文献库/H03_Fan–Grama–Liu 鞅展开/28_Christophe_2015_Study of almost everywhere convergence of series by means of.pdf,332327,cd30b6c33c482320097200ab1ed2a3b6e928e9225d7bd307ef5e6a98a4066d0c,not copied; source ZIP member; full_read=unspecified; identity=pending; screening=pending; bytes=332327; sha256=cd30b6c33c482320097200ab1ed2a3b6e928e9225d7bd307ef5e6a98a4066d0c,evidence/papers/P-cd30b6c33c482320/paper.pdf
E2503,references/sources.json#E2503,pdf,P-6f9fe76916ef41c6,corpus/papers/P-6f9fe76916ef41c6/paper.pdf,64项训练清单文献库/H03_Fan–Grama–Liu 鞅展开/01_Xiao_2022_Edgeworth expansion for the coefficients of random walks on.pdf,263856,6f9fe76916ef41c684de1e19d1e921bcd57fe24e72e777ed1f49c250b009ef09,not copied; source ZIP member; full_read=unspecified; identity=pending; screening=pending; bytes=263856; sha256=6f9fe76916ef41c684de1e19d1e921bcd57fe24e72e777ed1f49c250b009ef09,evidence/papers/P-6f9fe76916ef41c6/paper.pdf
E2504,references/sources.json#E2504,pdf,P-b1323cb405472f47,corpus/papers/P-b1323cb405472f47/paper.pdf,64项训练清单文献库/H03_Fan–Grama–Liu 鞅展开/25_Fan_2017_Stochastic PDEs on graphs as scaling limits of discrete inte.pdf,582218,b1323cb405472f47b16f7c13bda449e1e4a02af8807e77e831c8fc2f2046c0bc,not copied; source ZIP member; full_read=unspecified; identity=pending; screening=pending; bytes=582218; sha256=b1323cb405472f47b16f7c13bda449e1e4a02af8807e77e831c8fc2f2046c0bc,evidence/papers/P-b1323cb405472f47/paper.pdf
E2505,references/sources.json#E2505,pdf,P-90d38802ec47287e,corpus/papers/P-90d38802ec47287e/paper.pdf,64项训练清单文献库/H03_Fan–Grama–Liu 鞅展开/10_Fan_2020_Uniform Cramér moderate deviations and Berry-Esseen bounds f.pdf,261326,90d38802ec47287e7d8eef5125d13c39bfb0b554b88230faed80ec3dfaf81026,not copied; source ZIP member; full_read=unspecified; identity=pending; screening=pending; bytes=261326; sha256=90d38802ec47287e7d8eef5125d13c39bfb0b554b88230faed80ec3dfaf81026,evidence/papers/P-90d38802ec47287e/paper.pdf
E2506,references/sources.json#E2506,pdf,P-cbff32cc0da07bd9,corpus/papers/P-cbff32cc0da07bd9/paper.pdf,64项训练清单文献库/H03_Fan–Grama–Liu 鞅展开/14_Chang_2026_The sharp diagonal spectral correlation inequality on the di.pdf,473098,cbff32cc0da07bd9b9c6648fd5c2c92856f0162f2909bef90bc64feca5add12b,not copied; source ZIP member; full_read=unspecified; identity=pending; screening=pending; bytes=473098; sha256=cbff32cc0da07bd9b9c6648fd5c2c92856f0162f2909bef90bc64feca5add12b,evidence/papers/P-cbff32cc0da07bd9/paper.pdf
E2507,references/sources.json#E2507,pdf,P-ea481c92bd1c7724,corpus/papers/P-ea481c92bd1c7724/paper.pdf,64项训练清单文献库/H03_Fan–Grama–Liu 鞅展开/19_Chang_2026_A proof of Chvátal's conjecture via a sharp correlation ineq.pdf,379113,ea481c92bd1c7724d6d7d88f9358868d7c73d54db80bb76fae890f4557992640,not copied; source ZIP member; full_read=unspecified; identity=pending; screening=pending; bytes=379113; sha256=ea481c92bd1c7724d6d7d88f9358868d7c73d54db80bb76fae890f4557992640,evidence/papers/P-ea481c92bd1c7724/paper.pdf
E2508,references/sources.json#E2508,pdf,P-a6e215ea2623c82f,corpus/papers/P-a6e215ea2623c82f/paper.pdf,64项训练清单文献库/H03_Fan–Grama–Liu 鞅展开/36_Fan_2011_Hoeffding's inequality for supermartingales.pdf,207966,a6e215ea2623c82f1e3b2b17016eb093d37a3d18a81a463d0e2f3f44d6e943a6,not copied; source ZIP member; full_read=unspecified; identity=pending; screening=pending; bytes=207966; sha256=a6e215ea2623c82f1e3b2b17016eb093d37a3d18a81a463d0e2f3f44d6e943a6,evidence/papers/P-a6e215ea2623c82f/paper.pdf
E2509,references/sources.json#E2509,pdf,P-f16e5ef64bbe9b6b,corpus/papers/P-f16e5ef64bbe9b6b/paper.pdf,64项训练清单文献库/H03_Fan–Grama–Liu 鞅展开/04_Fan_2023_Self-normalized Cramér type moderate deviations for martinga.pdf,279867,f16e5ef64bbe9b6bdd5db1b665aadcda942bb8e4eaf84ba70f6db755d8238423,not copied; source ZIP member; full_read=unspecified; identity=pending; screening=pending; bytes=279867; sha256=f16e5ef64bbe9b6bdd5db1b665aadcda942bb8e4eaf84ba70f6db755d8238423,evidence/papers/P-f16e5ef64bbe9b6b/paper.pdf
E2510,references/sources.json#E2510,pdf,P-890b0aaf9124ba44,corpus/papers/P-890b0aaf9124ba44/paper.pdf,64项训练清单文献库/H03_Fan–Grama–Liu 鞅展开/35_Fan_2012_Sharp large deviation probabilities for sums of independent.pdf,420607,890b0aaf9124ba44a63067513146cb816333a9e47baa4ff9cd201182e6f5e7df,not copied; source ZIP member; full_read=unspecified; identity=pending; screening=pending; bytes=420607; sha256=890b0aaf9124ba44a63067513146cb816333a9e47baa4ff9cd201182e6f5e7df,evidence/papers/P-890b0aaf9124ba44/paper.pdf
E2511,references/sources.json#E2511,pdf,P-b22ee7067a0d8fef,corpus/papers/P-b22ee7067a0d8fef/paper.pdf,64项训练清单文献库/H03_Fan–Grama–Liu 鞅展开/39_Weber_2008_On an identity of Ky Fan.pdf,131821,b22ee7067a0d8fef5fdad0164a43ac11fcae9162d2ccf7a16d3b00ce0dde0525,not copied; source ZIP member; full_read=unspecified; identity=pending; screening=pending; bytes=131821; sha256=b22ee7067a0d8fef5fdad0164a43ac11fcae9162d2ccf7a16d3b00ce0dde0525,evidence/papers/P-b22ee7067a0d8fef/paper.pdf
E2512,references/sources.json#E2512,pdf,P-812a6a940530f19a,corpus/papers/P-812a6a940530f19a/paper.pdf,64项训练清单文献库/H03_Fan–Grama–Liu 鞅展开/03_Grama_2024_Construction d'un espace de Banach pour le produit de matric.pdf,216614,812a6a940530f19a486471b8a73d447159704307feb1d5a3d5660d7f78c96c2b,not copied; source ZIP member; full_read=unspecified; identity=pending; screening=pending; bytes=216614; sha256=812a6a940530f19a486471b8a73d447159704307feb1d5a3d5660d7f78c96c2b,evidence/papers/P-812a6a940530f19a/paper.pdf
E2513,references/sources.json#E2513,pdf,P-2eee8ad0403d475b,corpus/papers/P-2eee8ad0403d475b/paper.pdf,"64项训练清单文献库/H03_Fan–Grama–Liu 鞅展开/13_Liu_2026_Well-posedness, Regularity, and Strong Approximations of Sup.pdf",504219,2eee8ad0403d475b2e3f3205a45ddfc2d53e310b4317e43829742fcb50b7b471,not copied; source ZIP member; full_read=unspecified; identity=pending; screening=pending; bytes=504219; sha256=2eee8ad0403d475b2e3f3205a45ddfc2d53e310b4317e43829742fcb50b7b471,evidence/papers/P-2eee8ad0403d475b/paper.pdf
E2514,references/sources.json#E2514,pdf,P-7eebacf2a7d9f6f8,corpus/papers/P-7eebacf2a7d9f6f8/paper.pdf,64项训练清单文献库/H03_Fan–Grama–Liu 鞅展开/23_Xiao_2019_Berry-Esseen bound and precise moderate deviations for produ.pdf,683455,7eebacf2a7d9f6f85ee0bc0d0e41105163670ca4c1360e15e66e220b5e6a1b6c,not copied; source ZIP member; full_read=unspecified; identity=pending; screening=pending; bytes=683455; sha256=7eebacf2a7d9f6f85ee0bc0d0e41105163670ca4c1360e15e66e220b5e6a1b6c,evidence/papers/P-7eebacf2a7d9f6f8/paper.pdf
E2515,references/sources.json#E2515,pdf,P-46400a209a7108c5,corpus/papers/P-46400a209a7108c5/paper.pdf,64项训练清单文献库/H03_Fan–Grama–Liu 鞅展开/06_Doukhan_2024_Deviation inequalities for contractive infinite memory proce.pdf,343213,46400a209a7108c5f8e9cc8c56297c349fb1ec9732efd79928b77fd7d71910ef,not copied; source ZIP member; full_read=unspecified; identity=pending; screening=pending; bytes=343213; sha256=46400a209a7108c5f8e9cc8c56297c349fb1ec9732efd79928b77fd7d71910ef,evidence/papers/P-46400a209a7108c5/paper.pdf
E2516,references/sources.json#E2516,pdf,P-ba5680812028ecd0,corpus/papers/P-ba5680812028ecd0/paper.pdf,64项训练清单文献库/H03_Fan–Grama–Liu 鞅展开/34_Fan_2012_Sharp large deviation results for sums of independent random.pdf,402576,ba5680812028ecd0fc29a18f35fdb64ae02a384170b15e7f3cc9c0012683a5ba,not copied; source ZIP member; full_read=unspecified; identity=pending; screening=pending; bytes=402576; sha256=ba5680812028ecd0fc29a18f35fdb64ae02a384170b15e7f3cc9c0012683a5ba,evidence/papers/P-ba5680812028ecd0/paper.pdf
E2517,references/sources.json#E2517,pdf,P-91b47ca9e5b5fa2d,corpus/papers/P-91b47ca9e5b5fa2d/paper.pdf,64项训练清单文献库/H03_Fan–Grama–Liu 鞅展开/22_Hu_2026_A Counterexample to the Liu--Lou--Zhu $_mathcal Q_p$--Carles.pdf,413559,91b47ca9e5b5fa2d3d95052d8bb2e4983bad943cc5fc5346641a4cd99bbd7483,not copied; source ZIP member; full_read=unspecified; identity=pending; screening=pending; bytes=413559; sha256=91b47ca9e5b5fa2d3d95052d8bb2e4983bad943cc5fc5346641a4cd99bbd7483,evidence/papers/P-91b47ca9e5b5fa2d/paper.pdf
E2518,references/sources.json#E2518,pdf,P-048bfe95a33fe7e7,corpus/papers/P-048bfe95a33fe7e7/paper.pdf,64项训练清单文献库/H03_Fan–Grama–Liu 鞅展开/31_Fan_2013_Exponential inequalities for martingales with applications.pdf,431036,048bfe95a33fe7e79a22541b53b7e0685108d054e8a37d6cdabcddc2d97ab7e1,not copied; source ZIP member; full_read=true; identity=verified_title_authors_journal_version_from_pdf_exact_sha; screening=adjacent; card=audit_current/shared-reading/audit_hi/048bfe95a33fe7e79a22541b53b7e0685108d054e8a37d6cdabcddc2d97ab7e1.json; bytes=431036; sha256=048bfe95a33fe7e79a22541b53b7e0685108d054e8a37d6cdabcddc2d97ab7e1,evidence/papers/P-048bfe95a33fe7e7/paper.pdf
E2519,references/sources.json#E2519,pdf,P-46138b2ed0e4d499,corpus/papers/P-46138b2ed0e4d499/paper.pdf,64项训练清单文献库/H03_Fan–Grama–Liu 鞅展开/26_Fan_2016_Nonuniform Berry-Esseen bounds for martingales with applicat.pdf,264878,46138b2ed0e4d49943c50766a7630db89d64b3d6e36d000352cddb6d44d5adbc,not copied; source ZIP member; full_read=unspecified; identity=pending; screening=pending; bytes=264878; sha256=46138b2ed0e4d49943c50766a7630db89d64b3d6e36d000352cddb6d44d5adbc,evidence/papers/P-46138b2ed0e4d499/paper.pdf
